user_id,ds,temp,y
0,2025-01-01 00:00:00,20.96825213540564,0.19087880884144218
0,2025-01-01 01:00:00,22.536541945476685,0.1292457458730735
0,2025-01-01 02:00:00,23.78962394564786,0.4588754171150262
0,2025-01-01 03:00:00,24.513460194624987,0.7134731942772667
0,2025-01-01 04:00:00,25.608574984486935,1.1574320326306342
0,2025-01-01 05:00:00,26.133459477090913,1.409598910412444
0,2025-01-01 06:00:00,26.346867363402506,1.7283661481479842
0,2025-01-01 07:00:00,26.10590062740371,1.6256800172505437
0,2025-01-01 08:00:00,25.94588169859881,1.843341855284323
0,2025-01-01 09:00:00,25.06075971396317,1.4756944223675643
0,2025-01-01 10:00:00,24.15341418014466,1.3956007191406765
0,2025-01-01 11:00:00,22.996901346324297,1.4032236953880213
0,2025-01-01 12:00:00,21.38313416767209,1.1160678678192943
0,2025-01-01 13:00:00,20.951835266944503,1.2216019483265084
0,2025-01-01 14:00:00,18.91779633018211,1.2319496162247698
0,2025-01-01 15:00:00,18.122104852798905,1.1551258087263503
0,2025-01-01 16:00:00,17.753489715610538,1.0618438287015683
0,2025-01-01 17:00:00,16.98950627215896,1.1816814110481204
0,2025-01-01 18:00:00,17.079031233901983,0.8346530949642662
0,2025-01-01 19:00:00,17.07097182569794,0.9534633520051803
0,2025-01-01 20:00:00,17.835859468924525,0.5267165661469904
0,2025-01-01 21:00:00,18.832205971490882,0.5302651962466178
0,2025-01-01 22:00:00,19.430410634579452,0.24283900776232809
0,2025-01-01 23:00:00,20.883657605946407,0.25822431088210285
0,2025-01-02 00:00:00,21.918784342641032,0.6676507296209253
0,2025-01-02 01:00:00,23.362620687874834,0.7968984289582309
0,2025-01-02 02:00:00,24.540846835450868,0.7871343398766615
0,2025-01-02 03:00:00,25.874297995882678,1.3052354356588414
0,2025-01-02 04:00:00,26.362432371628582,1.474799342589835
0,2025-01-02 05:00:00,27.067420540682182,1.8432050837473137
0,2025-01-02 06:00:00,27.422848825554034,2.1711615656600043
0,2025-01-02 07:00:00,27.386601915276742,2.2461704290657276
0,2025-01-02 08:00:00,26.62269835771381,2.160816052797666
0,2025-01-02 09:00:00,26.08945060991152,2.1732663400989454
0,2025-01-02 10:00:00,24.87154373461483,1.6530358407530041
0,2025-01-02 11:00:00,23.196699833897537,1.6724359599874457
0,2025-01-02 12:00:00,22.624962115245967,1.3017800013741483
0,2025-01-02 13:00:00,21.123891174931195,1.436538546825511
0,2025-01-02 14:00:00,19.98620367350239,1.4695928370417874
0,2025-01-02 15:00:00,18.82173947374579,1.1728870187248859
0,2025-01-02 16:00:00,18.00404353634494,1.1721742418931056
0,2025-01-02 17:00:00,17.481920271354735,1.0528898338122619
0,2025-01-02 18:00:00,17.34811272486085,1.009399550143411
0,2025-01-02 19:00:00,17.504446127103172,0.9466818035896647
0,2025-01-02 20:00:00,18.32109361051206,0.45960252669194696
0,2025-01-02 21:00:00,19.033639683890687,0.42833613972293866
0,2025-01-02 22:00:00,20.203345609297482,0.4520490667356728
0,2025-01-02 23:00:00,21.18333800651126,0.3917911768959685
0,2025-01-03 00:00:00,22.210061995118522,0.4897391943800775
0,2025-01-03 01:00:00,23.871229168710876,0.7491979200398776
0,2025-01-03 02:00:00,25.098525041577357,0.9736337167961769
0,2025-01-03 03:00:00,25.831299237487325,1.3682027105152261
0,2025-01-03 04:00:00,26.621702460886418,1.8228943994309454
0,2025-01-03 05:00:00,27.01521670997563,1.8383045515162182
0,2025-01-03 06:00:00,27.437432786139016,1.9750564487476563
0,2025-01-03 07:00:00,27.159110033289693,2.1389283770673266
0,2025-01-03 08:00:00,26.623947752833747,1.92063325359314
0,2025-01-03 09:00:00,25.593834176912846,1.8378954917222177
0,2025-01-03 10:00:00,24.76161591825404,1.9022146575499856
0,2025-01-03 11:00:00,23.730118184681032,1.560005175137872
0,2025-01-03 12:00:00,22.600452573364507,1.3034715083718353
0,2025-01-03 13:00:00,20.66395340459833,1.3752035585673765
0,2025-01-03 14:00:00,19.30242253471636,1.4428422872555768
0,2025-01-03 15:00:00,18.657734620699152,0.9600377557824629
0,2025-01-03 16:00:00,17.790329183297526,1.192203204423124
0,2025-01-03 17:00:00,16.78448448671809,1.0331777719383053
0,2025-01-03 18:00:00,17.456914889442807,0.5870742645480747
0,2025-01-03 19:00:00,17.2111125656548,0.728118487370051
0,2025-01-03 20:00:00,17.543930388279865,0.5289157010698002
0,2025-01-03 21:00:00,18.26865456586806,0.3593814020784497
0,2025-01-03 22:00:00,19.674767842278776,0.33326932562267503
0,2025-01-03 23:00:00,20.527287644511272,0.37068739453559196
0,2025-01-04 00:00:00,21.66703334605174,0.22361615083010775
0,2025-01-04 01:00:00,22.90301880380009,0.31571478248943347
0,2025-01-04 02:00:00,24.313326283771794,0.7183322907162762
0,2025-01-04 03:00:00,25.426416084895088,1.0197010117172112
0,2025-01-04 04:00:00,25.832945249859687,1.364955882386607
0,2025-01-04 05:00:00,26.153860832532366,1.3608298510482681
0,2025-01-04 06:00:00,26.269947046449396,1.5391664579195232
0,2025-01-04 07:00:00,25.954685891373128,1.4816875720626046
0,2025-01-04 08:00:00,25.59296424803282,1.3588820701469313
0,2025-01-04 09:00:00,24.799056996846208,1.5690242509328722
0,2025-01-04 10:00:00,23.43552427049788,1.412666564377674
0,2025-01-04 11:00:00,21.72137916520802,1.318656387413001
0,2025-01-04 12:00:00,20.929314537238525,1.0293247017560392
0,2025-01-04 13:00:00,19.404657950863513,1.2114967748919938
0,2025-01-04 14:00:00,18.232423844850153,0.9276676378738958
0,2025-01-04 15:00:00,17.123277679851228,1.1905730511095216
0,2025-01-04 16:00:00,16.60134833253065,1.020467857394243
0,2025-01-04 17:00:00,15.848474590697116,1.0083890294008417
0,2025-01-04 18:00:00,15.588870351578267,0.8952160470001491
0,2025-01-04 19:00:00,15.394069683005627,0.701373720135362
0,2025-01-04 20:00:00,16.083138327248225,0.5141896772290784
0,2025-01-04 21:00:00,16.66228706105233,0.2998162322942097
0,2025-01-04 22:00:00,18.078143790726006,0.050418067971024695
0,2025-01-04 23:00:00,19.228601160202945,-0.19726699492015431
0,2025-01-05 00:00:00,20.409423668353874,-0.07699272212936706
0,2025-01-05 01:00:00,21.529814887952835,0.12878762000335656
0,2025-01-05 02:00:00,22.405091608714212,0.1812923975131733
0,2025-01-05 03:00:00,24.139178317364674,0.4287437930092086
0,2025-01-05 04:00:00,24.561848789603093,0.7899929079392842
0,2025-01-05 05:00:00,25.036340444274817,1.0888138862901635
0,2025-01-05 06:00:00,24.95922306630414,0.9335349122462114
0,2025-01-05 07:00:00,24.87301043749492,1.1189907898630322
0,2025-01-05 08:00:00,23.946326476019642,1.1424545256832714
0,2025-01-05 09:00:00,23.552112508041805,1.0147819355893883
0,2025-01-05 10:00:00,22.332788384351776,1.0735305528381762
0,2025-01-05 11:00:00,21.07797489698364,0.8691251812464934
0,2025-01-05 12:00:00,20.03768490665129,1.0193133570336785
0,2025-01-05 13:00:00,18.333590595832142,1.0299072812254508
0,2025-01-05 14:00:00,17.2611528230912,0.819642563017629
0,2025-01-05 15:00:00,16.23175078032869,0.9783254755396372
0,2025-01-05 16:00:00,15.357330619177306,0.9129926596509919
0,2025-01-05 17:00:00,14.926283357217024,0.926064870689796
0,2025-01-05 18:00:00,14.64626905461479,1.0253764403619419
0,2025-01-05 19:00:00,14.813589232077607,0.6303282017468331
0,2025-01-05 20:00:00,15.1579132264786,0.5813523470731272
0,2025-01-05 21:00:00,16.282130492846377,0.15645679573997273
0,2025-01-05 22:00:00,16.975015511531545,0.10988516849718609
0,2025-01-05 23:00:00,18.18048476377433,-0.033008088130686744
0,2025-01-06 00:00:00,19.607870458583072,-0.09130413896840896
0,2025-01-06 01:00:00,20.978244473797233,-0.12483538883510545
0,2025-01-06 02:00:00,22.125440186665543,0.014218401065201298
0,2025-01-06 03:00:00,23.180718216527552,0.30073911414786747
0,2025-01-06 04:00:00,24.066611951103823,0.41749105396298375
0,2025-01-06 05:00:00,24.428686454554004,0.8489853813640984
0,2025-01-06 06:00:00,24.404925502841404,0.636327449960792
0,2025-01-06 07:00:00,24.441917511408285,0.8464569237511803
0,2025-01-06 08:00:00,23.805481545482955,0.9631314386806288
0,2025-01-06 09:00:00,23.03885743988537,0.9299182672685099
0,2025-01-06 10:00:00,22.488633672326948,1.0124240775924727
0,2025-01-06 11:00:00,20.81767313081038,0.9139271928294318
0,2025-01-06 12:00:00,19.764969897230664,0.9649307260450692
0,2025-01-06 13:00:00,18.279638667868255,0.7542953518678895
0,2025-01-06 14:00:00,17.453009177411914,0.8928503179842768
0,2025-01-06 15:00:00,15.68874323302468,0.9985468966157895
0,2025-01-06 16:00:00,15.320650012764517,0.8704024219934002
0,2025-01-06 17:00:00,14.87352109646623,0.8295305957540509
0,2025-01-06 18:00:00,14.960843755366037,0.8799474431717011
0,2025-01-06 19:00:00,14.539816345706496,0.8581251076640792
0,2025-01-06 20:00:00,15.265219047087168,0.6260465352803393
0,2025-01-06 21:00:00,16.174158419612056,0.19211277786317577
0,2025-01-06 22:00:00,17.267592338657728,0.033634423754250214
0,2025-01-06 23:00:00,18.498526678861218,-0.010266386198932984
0,2025-01-07 00:00:00,19.74878544956932,-0.18134419233207483
0,2025-01-07 01:00:00,21.013725287055692,-0.027473367343185107
0,2025-01-07 02:00:00,22.445559417663105,0.11737654834554694
0,2025-01-07 03:00:00,23.240200217398783,0.3549413097581091
0,2025-01-07 04:00:00,24.318005969762588,0.5249490801721922
0,2025-01-07 05:00:00,24.85156227276773,0.8004886563450548
0,2025-01-07 06:00:00,24.82915089343273,1.0954342087431996
0,2025-01-07 07:00:00,25.105001325316763,1.0215236523438866
0,2025-01-07 08:00:00,24.547187062529314,1.2355632308438647
0,2025-01-07 09:00:00,23.872036666165783,1.1730700008753996
0,2025-01-07 10:00:00,22.76597181926494,1.1126818419268323
0,2025-01-07 11:00:00,21.3297125133384,0.949158042834783
0,2025-01-07 12:00:00,20.19521018942768,1.0238290212265553
0,2025-01-07 13:00:00,19.204052460966608,0.8138027139247528
0,2025-01-07 14:00:00,17.940632141865976,1.0011886771820786
0,2025-01-07 15:00:00,17.082043991792013,0.8266570474144835
0,2025-01-07 16:00:00,16.430983432600655,0.996216858573023
0,2025-01-07 17:00:00,15.909403292732101,0.945106873600281
0,2025-01-07 18:00:00,15.71313348955113,0.7742593515792181
0,2025-01-07 19:00:00,15.973812013157536,0.8859407305908027
0,2025-01-07 20:00:00,16.248832746824135,0.5454976661292303
0,2025-01-07 21:00:00,17.480747086999145,0.40412005198484546
0,2025-01-07 22:00:00,18.409490323384524,-0.024056785983499
0,2025-01-07 23:00:00,19.478869251898946,0.10686847668473826
0,2025-01-08 00:00:00,20.77571407188474,0.04321352513329263
0,2025-01-08 01:00:00,22.34583506495147,0.384500979310024
0,2025-01-08 02:00:00,23.566102772116533,0.5712716127526676
0,2025-01-08 03:00:00,24.621509502653502,0.896509590689849
0,2025-01-08 04:00:00,25.397918822418088,1.1695816176316993
0,2025-01-08 05:00:00,26.198149878994624,1.3107695742348553
0,2025-01-08 06:00:00,26.63903454756965,1.774000421417897
0,2025-01-08 07:00:00,26.097410331934032,1.725329945318751
0,2025-01-08 08:00:00,26.08587981057674,1.8780840221440929
0,2025-01-08 09:00:00,25.24779305044757,1.7781251216440168
0,2025-01-08 10:00:00,24.33937576771089,1.4652032031314848
0,2025-01-08 11:00:00,23.262856079287953,1.5237856179938893
0,2025-01-08 12:00:00,21.483248638337525,1.2292190122203255
0,2025-01-08 13:00:00,20.18542656769773,1.279333802675364
0,2025-01-08 14:00:00,19.19417177652494,1.1509350743507007
0,2025-01-08 15:00:00,18.448060454860205,0.9595974907312916
0,2025-01-08 16:00:00,17.538885684731007,1.0832835345074723
0,2025-01-08 17:00:00,16.426796132827842,1.2769036636611866
0,2025-01-08 18:00:00,16.996456825112883,0.8516765458968251
0,2025-01-08 19:00:00,17.089355091864697,0.6027528163987831
0,2025-01-08 20:00:00,17.816464099345108,0.5534762178011596
0,2025-01-08 21:00:00,18.408916812488513,0.38319415462748385
0,2025-01-08 22:00:00,19.951737441441647,0.3092749913766207
0,2025-01-08 23:00:00,20.89964207019553,0.257706939201321
0,2025-01-09 00:00:00,22.57556386719487,0.554994777150686
0,2025-01-09 01:00:00,23.414554712519074,0.5181830799139743
0,2025-01-09 02:00:00,24.85333611257207,0.6325006540506818
0,2025-01-09 03:00:00,25.840774184097977,1.2313026983046895
0,2025-01-09 04:00:00,26.35489490419993,1.618217843778366
0,2025-01-09 05:00:00,26.897591409521258,1.6422386419140627
0,2025-01-09 06:00:00,27.39947226868331,2.0132843878295374
0,2025-01-09 07:00:00,27.18376503086518,2.258011263794885
0,2025-01-09 08:00:00,26.851581002993456,2.214956648305385
0,2025-01-09 09:00:00,25.59506188962393,1.9341821640659833
0,2025-01-09 10:00:00,25.03075932559045,1.9697617824972276
0,2025-01-09 11:00:00,23.70544403206065,1.601152311004398
0,2025-01-09 12:00:00,22.518462113220238,1.4338243897386687
0,2025-01-09 13:00:00,21.181465753714907,1.2083205053380848
0,2025-01-09 14:00:00,19.671316881851133,1.4419043731910657
0,2025-01-09 15:00:00,18.678527702950888,1.0989651843294168
0,2025-01-09 16:00:00,18.211591339390026,1.1877351773936513
0,2025-01-09 17:00:00,17.427436110821965,1.2621488891616401
0,2025-01-09 18:00:00,17.60049212966219,0.9364256660507235
0,2025-01-09 19:00:00,17.81124345860171,0.77495258254584
0,2025-01-09 20:00:00,17.993936545498972,0.4719567333556265
0,2025-01-09 21:00:00,18.808042238002063,0.5449246051876722
0,2025-01-09 22:00:00,20.10505683404649,0.28537464856977957
0,2025-01-09 23:00:00,21.10087248241276,0.1700131410101313
0,2025-01-10 00:00:00,22.48484226504115,0.6760905206643661
0,2025-01-10 01:00:00,23.811030402896908,0.6499343122960582
0,2025-01-10 02:00:00,24.75655210338705,0.9620439392356637
0,2025-01-10 03:00:00,25.998319670751762,1.367958838906515
0,2025-01-10 04:00:00,26.840885437230366,1.7947612204808818
0,2025-01-10 05:00:00,26.805797080750796,1.7800700335284159
0,2025-01-10 06:00:00,27.420747279738066,1.9836797961822727
0,2025-01-10 07:00:00,26.892377590168493,2.0321031288869555
0,2025-01-10 08:00:00,26.240033900117968,1.9007713970683398
0,2025-01-10 09:00:00,25.521148993852346,1.8236612803934347
0,2025-01-10 10:00:00,24.732526879535534,1.9325923980879294
0,2025-01-10 11:00:00,23.694208268814055,1.5847072701697562
0,2025-01-10 12:00:00,22.114695839799655,1.314643001088916
0,2025-01-10 13:00:00,20.621883276237877,1.4117564391230957
0,2025-01-10 14:00:00,19.478795295583097,1.2287900048378755
0,2025-01-10 15:00:00,18.909711901251256,1.1966202648264168
0,2025-01-10 16:00:00,17.68441574922452,1.0290847160994554
0,2025-01-10 17:00:00,16.566620545354432,1.0686598026883036
0,2025-01-10 18:00:00,16.67185516833875,0.9145536382810334
0,2025-01-10 19:00:00,17.292518522034328,0.4967133872399403
0,2025-01-10 20:00:00,17.506169804744584,0.622306588337349
0,2025-01-10 21:00:00,17.949182141391965,0.3407087442798725
0,2025-01-10 22:00:00,19.31862547387111,0.2146154617664012
0,2025-01-10 23:00:00,20.105285912964444,0.38749193205519417
1,2025-01-01 00:00:00,20.941119797165342,0.1485879548944935
1,2025-01-01 01:00:00,22.581783806216205,0.5368244588080543
1,2025-01-01 02:00:00,23.858219776340636,0.7668093745602318
1,2025-01-01 03:00:00,24.41668847039705,1.0045320897851302
1,2025-01-01 04:00:00,26.056252905499356,1.3981320253297667
1,2025-01-01 05:00:00,25.917069052941397,1.587066893451112
1,2025-01-01 06:00:00,26.32377063333259,1.882407690332462
1,2025-01-01 07:00:00,26.297095801565224,2.084257059571329
1,2025-01-01 08:00:00,25.772599242985496,1.8592179562358762
1,2025-01-01 09:00:00,25.168157973935514,1.9826768095836462
1,2025-01-01 10:00:00,24.090279240288414,1.6575822339848707
1,2025-01-01 11:00:00,22.69946951050273,1.5776516961496567
1,2025-01-01 12:00:00,21.741233607965363,1.5031160192813418
1,2025-01-01 13:00:00,20.350156907708357,1.5488855398993278
1,2025-01-01 14:00:00,19.334662164470732,1.5877148703744257
1,2025-01-01 15:00:00,18.183540362704743,1.344498482814911
1,2025-01-01 16:00:00,17.07509974990723,1.4234254138508944
1,2025-01-01 17:00:00,17.17079735350078,1.1451642047413826
1,2025-01-01 18:00:00,16.971412237524643,1.072400607147289
1,2025-01-01 19:00:00,17.24762515648738,0.9409206496750554
1,2025-01-01 20:00:00,17.416922591334483,0.9430397661441106
1,2025-01-01 21:00:00,18.54899473036967,0.5810384270986049
1,2025-01-01 22:00:00,19.148438973800143,0.518293939665873
1,2025-01-01 23:00:00,20.973029448890028,0.5939725682009543
1,2025-01-02 00:00:00,22.138939510900094,0.6564810462851792
1,2025-01-02 01:00:00,23.530106201657336,0.9079819136750417
1,2025-01-02 02:00:00,24.74761982935875,0.9769329751514079
1,2025-01-02 03:00:00,25.460736284092945,1.405765312395716
1,2025-01-02 04:00:00,26.558154435464484,1.7162456004495574
1,2025-01-02 05:00:00,26.896779747125922,2.241132779856768
1,2025-01-02 06:00:00,27.75947535605814,2.5242249547438846
1,2025-01-02 07:00:00,27.017992158329616,2.349695251590225
1,2025-01-02 08:00:00,27.045804486974898,2.4220320026058477
1,2025-01-02 09:00:00,25.748241902835336,2.244748270168153
1,2025-01-02 10:00:00,24.88836863952566,1.898941189254947
1,2025-01-02 11:00:00,23.65175194379463,1.8607748635320436
1,2025-01-02 12:00:00,22.525392673971794,1.8653312742705728
1,2025-01-02 13:00:00,21.563979714385027,1.6045538880464063
1,2025-01-02 14:00:00,20.30823132204769,1.6026918738172482
1,2025-01-02 15:00:00,19.267185414409212,1.481840155566082
1,2025-01-02 16:00:00,18.2430693982281,1.1672088455657519
1,2025-01-02 17:00:00,17.57534132719707,1.2741813815611274
1,2025-01-02 18:00:00,17.580809159554637,1.2397264471574552
1,2025-01-02 19:00:00,17.50495879258327,0.835503552591008
1,2025-01-02 20:00:00,18.055872763162427,0.9268093373153609
1,2025-01-02 21:00:00,19.096482381886652,0.6448497677607127
1,2025-01-02 22:00:00,20.128156543455578,0.615538621213783
1,2025-01-02 23:00:00,21.057321519816007,0.6719243485123676
1,2025-01-03 00:00:00,22.36074649136493,0.8364072062731873
1,2025-01-03 01:00:00,23.985420026819988,0.9190328116510914
1,2025-01-03 02:00:00,24.989380345588753,1.288925944311655
1,2025-01-03 03:00:00,26.034583829410614,1.6302725184662838
1,2025-01-03 04:00:00,26.607058667247518,1.7973698253246215
1,2025-01-03 05:00:00,27.34393309630599,2.1303198606025924
1,2025-01-03 06:00:00,27.501575853564223,2.2117948613138707
1,2025-01-03 07:00:00,27.59136923007275,2.3332944314837616
1,2025-01-03 08:00:00,26.664506596237686,2.334041269869564
1,2025-01-03 09:00:00,25.94921149171317,2.2930095740773826
1,2025-01-03 10:00:00,24.935737363277447,1.9889262159349563
1,2025-01-03 11:00:00,23.483369974604873,1.6830182638182134
1,2025-01-03 12:00:00,22.472571066284914,1.649072372916865
1,2025-01-03 13:00:00,20.655425973892964,1.5361531522107625
1,2025-01-03 14:00:00,19.44776239397372,1.3285171186381044
1,2025-01-03 15:00:00,18.80493745795822,1.2283546722482221
1,2025-01-03 16:00:00,17.685364719247602,1.406730714353846
1,2025-01-03 17:00:00,17.219615220939257,1.135717211127257
1,2025-01-03 18:00:00,16.65998912697823,1.2432367970577463
1,2025-01-03 19:00:00,17.00392460854255,1.1078057242062398
1,2025-01-03 20:00:00,17.640723871999178,0.7829841407784384
1,2025-01-03 21:00:00,18.13702392428965,0.6792216183803395
1,2025-01-03 22:00:00,19.249223360614323,0.3820845015336348
1,2025-01-03 23:00:00,20.225959715483746,0.2641151937849324
1,2025-01-04 00:00:00,21.728339237616595,0.3706840175037269
1,2025-01-04 01:00:00,23.014172232176534,0.6707125099425485
1,2025-01-04 02:00:00,24.009767405051043,0.9800145167952641
1,2025-01-04 03:00:00,24.975533782635164,1.0270094243712504
1,2025-01-04 04:00:00,25.86607364168893,1.371797085745759
1,2025-01-04 05:00:00,26.161777659533684,1.7914606349687567
1,2025-01-04 06:00:00,26.218776775829387,2.0373207354068006
1,2025-01-04 07:00:00,26.120559667443267,1.7832872010989964
1,2025-01-04 08:00:00,25.80558485440796,1.8148413379085733
1,2025-01-04 09:00:00,24.230532303120956,1.7299135906901515
1,2025-01-04 10:00:00,23.837866633341807,1.5063966078499806
1,2025-01-04 11:00:00,22.529345892446102,1.4047264254670304
1,2025-01-04 12:00:00,21.109078620204773,1.2117516965132713
1,2025-01-04 13:00:00,19.846242215156643,1.1362039856890043
1,2025-01-04 14:00:00,18.32619461296939,1.154871118893531
1,2025-01-04 15:00:00,17.409250143830644,1.2336356611683956
1,2025-01-04 16:00:00,16.356715423694762,1.327704510030256
1,2025-01-04 17:00:00,16.023669270407748,1.1878679428486552
1,2025-01-04 18:00:00,15.967549342936557,0.9508204721489734
1,2025-01-04 19:00:00,15.533239918706759,1.0828068124113615
1,2025-01-04 20:00:00,16.265124993719215,0.7345187293852258
1,2025-01-04 21:00:00,16.96698981229574,0.5115581245954012
1,2025-01-04 22:00:00,17.991190879846833,0.32674540920747086
1,2025-01-04 23:00:00,19.23296813798726,0.2826840439765952
1,2025-01-05 00:00:00,20.875011040048513,0.061639538517128445
1,2025-01-05 01:00:00,22.01113413970816,0.28682791613886244
1,2025-01-05 02:00:00,22.903650020143598,0.4288504495615306
1,2025-01-05 03:00:00,23.728029548288458,0.7858054617186601
1,2025-01-05 04:00:00,24.37623168664547,0.7511566586862367
1,2025-01-05 05:00:00,24.99120473376594,1.2193324776320258
1,2025-01-05 06:00:00,25.217561564240118,1.3532627461803264
1,2025-01-05 07:00:00,24.416756395964537,1.2514826239499544
1,2025-01-05 08:00:00,24.355007264241653,1.443238490257418
1,2025-01-05 09:00:00,23.179088914765096,1.3307679122278244
1,2025-01-05 10:00:00,22.23228152770125,1.1913526985557037
1,2025-01-05 11:00:00,21.17325615169691,1.1797630504738192
1,2025-01-05 12:00:00,20.098960402605776,1.0368828449790053
1,2025-01-05 13:00:00,18.532826056611288,0.9755495176225184
1,2025-01-05 14:00:00,17.130185329909686,1.1843241222138738
1,2025-01-05 15:00:00,16.476965802856903,1.091090179170935
1,2025-01-05 16:00:00,15.389591721304152,1.1111790288217709
1,2025-01-05 17:00:00,14.749610534705605,1.3041787466773638
1,2025-01-05 18:00:00,14.646607446996933,1.1447802354431744
1,2025-01-05 19:00:00,14.744013267952115,1.0211434707272862
1,2025-01-05 20:00:00,15.310042794220434,0.5672640263614461
1,2025-01-05 21:00:00,16.267086439316497,0.6360258880500933
1,2025-01-05 22:00:00,17.174701652273075,0.2785836250931155
1,2025-01-05 23:00:00,18.0060618490106,-0.13666018552325548
1,2025-01-06 00:00:00,19.808506871668573,0.06518168455775653
1,2025-01-06 01:00:00,20.76212083292614,0.30129874700855075
1,2025-01-06 02:00:00,21.89184710797226,0.18428962270607713
1,2025-01-06 03:00:00,22.994920046940027,0.5937899169093824
1,2025-01-06 04:00:00,23.753178124458305,0.6436956024212264
1,2025-01-06 05:00:00,24.478958305598564,0.9159849777800276
1,2025-01-06 06:00:00,24.719167833878686,1.0819150348113034
1,2025-01-06 07:00:00,24.137657760156902,1.1937599518701476
1,2025-01-06 08:00:00,23.88703467135359,1.3135402215876866
1,2025-01-06 09:00:00,23.122370918962577,1.2864888324825914
1,2025-01-06 10:00:00,21.985618785297625,1.2246581049615468
1,2025-01-06 11:00:00,20.87252582754352,1.0793983825213376
1,2025-01-06 12:00:00,19.727093032522315,1.0456715172359763
1,2025-01-06 13:00:00,18.036138310975044,1.003666198811278
1,2025-01-06 14:00:00,16.86354917112657,1.288272888302084
1,2025-01-06 15:00:00,15.915545954458269,1.2738474236601902
1,2025-01-06 16:00:00,15.386826928944178,1.249123184390819
1,2025-01-06 17:00:00,14.644685762814094,1.212404319858881
1,2025-01-06 18:00:00,14.637323766434823,1.34051289780309
1,2025-01-06 19:00:00,14.631272074227562,0.9654320670712305
1,2025-01-06 20:00:00,15.414510149116065,0.748012652194547
1,2025-01-06 21:00:00,16.22079827019793,0.49704565840919934
1,2025-01-06 22:00:00,17.63579777478409,0.015190047583540173
1,2025-01-06 23:00:00,18.253469802883757,0.02232830292135879
1,2025-01-07 00:00:00,19.54752418837724,0.2260908079496753
1,2025-01-07 01:00:00,20.97374503249844,0.24024625435062172
1,2025-01-07 02:00:00,22.53606082517155,0.377547905498858
1,2025-01-07 03:00:00,23.308176886235714,0.46198110758931865
1,2025-01-07 04:00:00,24.83720282249557,0.9686728126013644
1,2025-01-07 05:00:00,24.816314593400275,1.0683792859237415
1,2025-01-07 06:00:00,25.07823944593403,1.533418388275554
1,2025-01-07 07:00:00,24.93555230143638,1.4088620502217704
1,2025-01-07 08:00:00,24.537209150148616,1.2770287838579981
1,2025-01-07 09:00:00,23.486258748936788,1.2776382781246667
1,2025-01-07 10:00:00,22.57610217861406,1.2959484566383166
1,2025-01-07 11:00:00,21.86439223242822,1.352827017769161
1,2025-01-07 12:00:00,20.346898060735157,1.097486555278111
1,2025-01-07 13:00:00,19.37526724546224,1.2228558118455186
1,2025-01-07 14:00:00,17.757208962867242,1.1201963082458992
1,2025-01-07 15:00:00,17.23895129464221,1.1549722386071128
1,2025-01-07 16:00:00,16.51824535948637,1.3225950603268135
1,2025-01-07 17:00:00,16.049317456656784,0.989951408990243
1,2025-01-07 18:00:00,15.728960922958544,1.1179821079963146
1,2025-01-07 19:00:00,16.049463922816123,0.7659910759504098
1,2025-01-07 20:00:00,16.392066348966882,0.9507356880528444
1,2025-01-07 21:00:00,17.553967556838867,0.4728798405400842
1,2025-01-07 22:00:00,18.431776801830697,0.4088345983929333
1,2025-01-07 23:00:00,19.405276784581947,0.3517382795253396
1,2025-01-08 00:00:00,21.160230657862613,0.4754493768517753
1,2025-01-08 01:00:00,22.26456493111073,0.4970710772790417
1,2025-01-08 02:00:00,23.445754856312213,0.6746058971044679
1,2025-01-08 03:00:00,24.684260098270148,1.240162409865079
1,2025-01-08 04:00:00,25.912529252732995,1.4453695628514978
1,2025-01-08 05:00:00,26.374545149954187,1.5988614033915967
1,2025-01-08 06:00:00,26.27017834152461,1.8145828769123964
1,2025-01-08 07:00:00,26.11279229843156,1.8473908445514144
1,2025-01-08 08:00:00,25.673655248528515,1.9494786925357919
1,2025-01-08 09:00:00,24.728261142684456,1.755304532983444
1,2025-01-08 10:00:00,23.84341623895878,1.7695013121185061
1,2025-01-08 11:00:00,22.975211136437593,1.6344255331544568
1,2025-01-08 12:00:00,22.009139096441366,1.5581491826993552
1,2025-01-08 13:00:00,20.473292374284185,1.4582158667945138
1,2025-01-08 14:00:00,19.394524034348855,1.3308019102004889
1,2025-01-08 15:00:00,18.549415936355267,1.2608903387931811
1,2025-01-08 16:00:00,17.58147521581915,1.3412540626526492
1,2025-01-08 17:00:00,17.13909778014701,1.2556939348609455
1,2025-01-08 18:00:00,17.099085752651085,0.9886040689115716
1,2025-01-08 19:00:00,16.895538303900853,1.1979058700315386
1,2025-01-08 20:00:00,17.89221723707821,0.6371149795513968
1,2025-01-08 21:00:00,18.337717019380335,0.6949632662816558
1,2025-01-08 22:00:00,19.779005293378503,0.5639961586372374
1,2025-01-08 23:00:00,20.41671261198395,0.5707908593917314
1,2025-01-09 00:00:00,22.033966198684755,0.7211796363295987
1,2025-01-09 01:00:00,23.643079590960056,0.9139166409248328
1,2025-01-09 02:00:00,24.88047942195557,1.0019853464665212
1,2025-01-09 03:00:00,25.93295121449538,1.5719255557030833
1,2025-01-09 04:00:00,26.838141794418796,1.645563637557929
1,2025-01-09 05:00:00,27.205486072326508,2.2608555754055844
1,2025-01-09 06:00:00,27.496614887931347,2.3208257014958904
1,2025-01-09 07:00:00,27.087027999593822,2.334465619280287
1,2025-01-09 08:00:00,26.976514928741597,2.4860161410073895
1,2025-01-09 09:00:00,25.548796182618865,2.251964809616976
1,2025-01-09 10:00:00,25.05020969653738,1.862066697496412
1,2025-01-09 11:00:00,23.954090009146963,1.8297557889041913
1,2025-01-09 12:00:00,22.64266991081984,1.7316295261495158
1,2025-01-09 13:00:00,20.974469867783288,1.6737421887559052
1,2025-01-09 14:00:00,19.929969977245573,1.385778683736604
1,2025-01-09 15:00:00,18.714908792341088,1.4422215073015907
1,2025-01-09 16:00:00,17.915268587850175,1.3100805245173572
1,2025-01-09 17:00:00,17.688915275845392,1.1957256313194007
1,2025-01-09 18:00:00,17.766950561564993,1.0560171785812367
1,2025-01-09 19:00:00,17.827954182304964,0.9588453826669793
1,2025-01-09 20:00:00,18.822822859137553,0.8210317636784228
1,2025-01-09 21:00:00,19.019605339969985,0.631293138493999
1,2025-01-09 22:00:00,19.94197253548997,0.6274369480218992
1,2025-01-09 23:00:00,21.505422554118784,0.4327949942335474
1,2025-01-10 00:00:00,22.378477916065023,0.6885164157777592
1,2025-01-10 01:00:00,23.746175933790244,0.9429929148736471
1,2025-01-10 02:00:00,25.063046864026298,1.2815031611093006
1,2025-01-10 03:00:00,25.85748253120267,1.5301244884791052
1,2025-01-10 04:00:00,26.774793409031666,1.7873501664339857
1,2025-01-10 05:00:00,27.141044182300607,2.120420796945115
1,2025-01-10 06:00:00,27.437963486238367,2.445940186347165
1,2025-01-10 07:00:00,27.379490693341182,2.4064355114652467
1,2025-01-10 08:00:00,26.935111432565957,2.3225087432213356
1,2025-01-10 09:00:00,25.878372094497916,2.2752573447840336
1,2025-01-10 10:00:00,24.475850242584926,2.1135595306862114
1,2025-01-10 11:00:00,23.458731556449532,1.6949506586585206
1,2025-01-10 12:00:00,22.27007064319259,1.6896772849900115
1,2025-01-10 13:00:00,20.67645481315658,1.420790829426055
1,2025-01-10 14:00:00,19.93121406206555,1.3426888847224068
1,2025-01-10 15:00:00,18.681282527044132,1.4660425580152872
1,2025-01-10 16:00:00,17.6622635572883,1.2557382511743505
1,2025-01-10 17:00:00,17.061193357876967,1.2608915603974173
1,2025-01-10 18:00:00,16.75807365770935,1.148167058969636
1,2025-01-10 19:00:00,16.84321400607442,0.9478475363613621
1,2025-01-10 20:00:00,17.465067586536307,0.9002239828246763
1,2025-01-10 21:00:00,18.18118094769213,0.4097775142108344
1,2025-01-10 22:00:00,19.384200505764124,0.6328558107321164
1,2025-01-10 23:00:00,20.509842458122254,0.37928711742294197
2,2025-01-01 00:00:00,21.01207554003729,0.8499973448118782
2,2025-01-01 01:00:00,21.806362295690427,0.8023398401272788
2,2025-01-01 02:00:00,23.44015691965372,0.901861704507513
2,2025-01-01 03:00:00,24.766007338642268,1.4716840811255978
2,2025-01-01 04:00:00,25.336483093536092,1.6832065984007216
2,2025-01-01 05:00:00,26.154677138516313,1.8662918931478683
2,2025-01-01 06:00:00,26.478258261168197,2.1157718476453633
2,2025-01-01 07:00:00,25.790861831491345,2.1724408579362424
2,2025-01-01 08:00:00,25.591164904315715,2.3975029341738003
2,2025-01-01 09:00:00,25.216390951713898,2.3976980792093983
2,2025-01-01 10:00:00,24.24796105585018,1.89457569031123
2,2025-01-01 11:00:00,23.057957416158867,2.0624380209130604
2,2025-01-01 12:00:00,21.941620823957884,1.9266335098926783
2,2025-01-01 13:00:00,20.472025937205927,1.7163904630288385
2,2025-01-01 14:00:00,19.22776967760613,1.5835679731818
2,2025-01-01 15:00:00,18.08438569324834,1.4219166629399844
2,2025-01-01 16:00:00,17.420628729323305,1.5298292526419035
2,2025-01-01 17:00:00,17.21641692811014,1.5793589044459466
2,2025-01-01 18:00:00,16.986204576158524,1.3559019046779173
2,2025-01-01 19:00:00,17.33334149170303,1.1232478707097202
2,2025-01-01 20:00:00,17.91547401698999,0.986975591246625
2,2025-01-01 21:00:00,18.164895258480456,0.8686667275196023
2,2025-01-01 22:00:00,19.447955019824903,0.8333375462731919
2,2025-01-01 23:00:00,20.919047408234974,0.8573331837910187
2,2025-01-02 00:00:00,22.26212224079088,0.9105907239335568
2,2025-01-02 01:00:00,23.393897464600464,1.1087596755267528
2,2025-01-02 02:00:00,24.66943562155976,1.5401616147836767
2,2025-01-02 03:00:00,25.726863431633106,1.844199303847437
2,2025-01-02 04:00:00,26.815386824280832,2.05297855300581
2,2025-01-02 05:00:00,27.19362510444896,2.166499691278378
2,2025-01-02 06:00:00,27.197667035318165,2.6688548489230786
2,2025-01-02 07:00:00,27.191223032956405,2.719736713057089
2,2025-01-02 08:00:00,26.888162433522343,2.6221404713700758
2,2025-01-02 09:00:00,25.93351663500499,2.466191649543248
2,2025-01-02 10:00:00,25.371687979565074,2.232321064212614
2,2025-01-02 11:00:00,23.43714857967402,2.198104152697927
2,2025-01-02 12:00:00,22.72560727501602,2.069389130971884
2,2025-01-02 13:00:00,21.196298407426607,1.863801079200775
2,2025-01-02 14:00:00,19.770480816290238,1.7587770159712157
2,2025-01-02 15:00:00,19.163998144624586,1.482739119481052
2,2025-01-02 16:00:00,18.254971689107578,1.60951824791316
2,2025-01-02 17:00:00,17.726817747237355,1.5630015450233676
2,2025-01-02 18:00:00,17.32797039609739,1.359682113539842
2,2025-01-02 19:00:00,18.00320368721034,1.3116958808133794
2,2025-01-02 20:00:00,17.92454862648478,1.1245971051511936
2,2025-01-02 21:00:00,19.163802027025906,0.8245592946714418
2,2025-01-02 22:00:00,19.957681877875547,1.0113987176544381
2,2025-01-02 23:00:00,21.426978290748053,0.7094419608683759
2,2025-01-03 00:00:00,22.243841070342675,1.098848759398656
2,2025-01-03 01:00:00,24.0178868159602,1.1424270640429492
2,2025-01-03 02:00:00,25.030050104771004,1.4309746523413702
2,2025-01-03 03:00:00,26.020472716668742,1.7364697496755417
2,2025-01-03 04:00:00,26.632805877606035,2.010961760578383
2,2025-01-03 05:00:00,26.875419156242216,2.28561953438763
2,2025-01-03 06:00:00,27.61384040439643,2.6103134536073522
2,2025-01-03 07:00:00,26.947870928441606,2.481103551733346
2,2025-01-03 08:00:00,26.459986857206065,2.4944290186338915
2,2025-01-03 09:00:00,25.649752241719977,2.482180336186458
2,2025-01-03 10:00:00,24.863478446505866,2.1904992806757577
2,2025-01-03 11:00:00,23.066558614190292,2.117053246150806
2,2025-01-03 12:00:00,22.284609924968862,2.006398932307241
2,2025-01-03 13:00:00,20.9112066919412,1.7418376251499101
2,2025-01-03 14:00:00,19.92375792396783,1.5679695271847787
2,2025-01-03 15:00:00,18.207091994949398,1.606929188890764
2,2025-01-03 16:00:00,17.326504096722775,1.7319533388550197
2,2025-01-03 17:00:00,17.18914330932835,1.4884261885121075
2,2025-01-03 18:00:00,17.074620589501215,1.4712317924915503
2,2025-01-03 19:00:00,17.0548153278892,1.1555158302853812
2,2025-01-03 20:00:00,17.636179150944987,1.1368328240302736
2,2025-01-03 21:00:00,18.639185056424928,0.8591507290533259
2,2025-01-03 22:00:00,19.232816496323927,0.7731226343839245
2,2025-01-03 23:00:00,20.371802529291365,0.8493126168953666
2,2025-01-04 00:00:00,21.515803346366365,0.9382452944669445
2,2025-01-04 01:00:00,22.74406479115779,0.9584223760304117
2,2025-01-04 02:00:00,23.925843758108755,1.111290535445665
2,2025-01-04 03:00:00,25.156509784949414,1.225112142612031
2,2025-01-04 04:00:00,25.723008811069768,1.885326453328914
2,2025-01-04 05:00:00,26.21528817495378,1.956818725828974
2,2025-01-04 06:00:00,26.2536110873856,1.9210823956988783
2,2025-01-04 07:00:00,25.98009078473515,2.0987590685581243
2,2025-01-04 08:00:00,25.51538494375683,2.084396582400573
2,2025-01-04 09:00:00,24.7069831988426,2.072754518158414
2,2025-01-04 10:00:00,23.602523823373883,1.8932392361130719
2,2025-01-04 11:00:00,22.52789209190111,1.9629646197362751
2,2025-01-04 12:00:00,20.965341789220542,1.8680933994142148
2,2025-01-04 13:00:00,19.44463183886629,1.647585781623476
2,2025-01-04 14:00:00,18.3274431702706,1.5191074555506534
2,2025-01-04 15:00:00,17.344683940344364,1.6371205866002034
2,2025-01-04 16:00:00,16.75033634070071,1.4324254448491618
2,2025-01-04 17:00:00,15.455150735426619,1.5875145580898493
2,2025-01-04 18:00:00,15.69038880772556,1.26187195642797
2,2025-01-04 19:00:00,15.796838259718509,1.0971648005158132
2,2025-01-04 20:00:00,15.96301953699218,0.9400683530257393
2,2025-01-04 21:00:00,16.832077692424882,0.6100900348547716
2,2025-01-04 22:00:00,18.041961618436982,0.5341176856704313
2,2025-01-04 23:00:00,19.078421134849588,0.6801189744344998
2,2025-01-05 00:00:00,20.190700559313353,0.4659201827204963
2,2025-01-05 01:00:00,21.71480214716685,0.5947156553794034
2,2025-01-05 02:00:00,23.15319997794188,0.804974452421849
2,2025-01-05 03:00:00,24.088178547680876,1.064632657606334
2,2025-01-05 04:00:00,24.357765390748774,1.246850693761865
2,2025-01-05 05:00:00,25.64483563184044,1.514049389508835
2,2025-01-05 06:00:00,24.994209774027983,1.6337378442178436
2,2025-01-05 07:00:00,25.100221240305032,1.5871796012722275
2,2025-01-05 08:00:00,24.07306535808909,1.3111398180239386
2,2025-01-05 09:00:00,23.703259896950442,1.6741031477860593
2,2025-01-05 10:00:00,22.410504492799685,1.6596084395076334
2,2025-01-05 11:00:00,21.005170834622355,1.5539659400924326
2,2025-01-05 12:00:00,20.057439153809188,1.6556838187786973
2,2025-01-05 13:00:00,18.77752729311725,1.4025907899753136
2,2025-01-05 14:00:00,17.289077152021555,1.3663500862813411
2,2025-01-05 15:00:00,16.11863700269057,1.3732548669223086
2,2025-01-05 16:00:00,15.002639325880942,1.7427387081135786
2,2025-01-05 17:00:00,14.935853416824065,1.4562562716823844
2,2025-01-05 18:00:00,14.668712460142455,1.195553988982544
2,2025-01-05 19:00:00,14.760061398640822,1.2737230667915505
2,2025-01-05 20:00:00,15.135699996909214,0.9994140437307057
2,2025-01-05 21:00:00,16.014664582763885,0.6542863696616616
2,2025-01-05 22:00:00,16.97274545623934,0.46914745411868025
2,2025-01-05 23:00:00,18.27059698891686,0.5704621639272439
2,2025-01-06 00:00:00,19.81516683753315,0.23439089727867235
2,2025-01-06 01:00:00,20.777457698132867,0.37256282637295995
2,2025-01-06 02:00:00,22.146678102484675,0.34247769948777024
2,2025-01-06 03:00:00,23.19259271063477,0.6781977157870629
2,2025-01-06 04:00:00,24.18612661158196,0.9412429950146002
2,2025-01-06 05:00:00,24.261182432488738,1.2696155478027178
2,2025-01-06 06:00:00,24.776932622953694,1.374048073656931
2,2025-01-06 07:00:00,24.262926790422153,1.3770629622670045
2,2025-01-06 08:00:00,23.893336336028977,1.463902151440255
2,2025-01-06 09:00:00,23.379170966600043,1.4416783987014885
2,2025-01-06 10:00:00,21.99066409129508,1.4382230783841075
2,2025-01-06 11:00:00,20.976778258563165,1.2645131970479428
2,2025-01-06 12:00:00,19.455870941728083,1.3912404741236688
2,2025-01-06 13:00:00,18.131157133033856,1.140902714426225
2,2025-01-06 14:00:00,17.084891301108463,1.462582859005266
2,2025-01-06 15:00:00,15.972018777019494,1.6716434142316416
2,2025-01-06 16:00:00,15.734873387299851,1.229293986285934
2,2025-01-06 17:00:00,14.72553314955828,1.4814610196937439
2,2025-01-06 18:00:00,14.684738770980744,1.3107658427963802
2,2025-01-06 19:00:00,15.195264316003462,1.0600529169724064
2,2025-01-06 20:00:00,15.283466779131922,0.9967958466489549
2,2025-01-06 21:00:00,16.10864599133339,0.6416779781082554
2,2025-01-06 22:00:00,17.649066833118717,0.6324458394676056
2,2025-01-06 23:00:00,18.67484174142101,0.35626010485287557
2,2025-01-07 00:00:00,19.58023297989934,0.4829464687235303
2,2025-01-07 01:00:00,21.33188457794441,0.40701603610328957
2,2025-01-07 02:00:00,22.560697791205417,0.5719588314407456
2,2025-01-07 03:00:00,23.64818756132144,0.835490703797593
2,2025-01-07 04:00:00,24.124979471779127,0.9031593768578857
2,2025-01-07 05:00:00,24.943411836971183,1.6202346007879438
2,2025-01-07 06:00:00,24.90256665467875,1.5197968146630343
2,2025-01-07 07:00:00,25.101780354382637,1.6920196781157675
2,2025-01-07 08:00:00,25.017133136940807,1.766229687650186
2,2025-01-07 09:00:00,23.64109881065739,1.775629775219609
2,2025-01-07 10:00:00,22.500236775661882,1.5475257192087635
2,2025-01-07 11:00:00,21.67250098133898,1.5155785461077869
2,2025-01-07 12:00:00,20.37569491306083,1.636761010306203
2,2025-01-07 13:00:00,19.241055132453063,1.5624621909445
2,2025-01-07 14:00:00,17.751840482155536,1.315064109884682
2,2025-01-07 15:00:00,16.838643942798686,1.4138356032734336
2,2025-01-07 16:00:00,16.047841580857217,1.4791303462160654
2,2025-01-07 17:00:00,15.658048274493328,1.5050672861794339
2,2025-01-07 18:00:00,15.20587128037484,1.5722005557843532
2,2025-01-07 19:00:00,15.743151922132673,1.4461075483315948
2,2025-01-07 20:00:00,16.441051393154265,1.106293448376371
2,2025-01-07 21:00:00,17.041651099396102,0.818243952458695
2,2025-01-07 22:00:00,18.392462343102306,0.6229823884354628
2,2025-01-07 23:00:00,19.61798371913189,0.6338785300665853
2,2025-01-08 00:00:00,21.17968069543276,0.6150278592012641
2,2025-01-08 01:00:00,22.57392977341915,0.6937950639872836
2,2025-01-08 02:00:00,23.956374005301434,0.9662053255344194
2,2025-01-08 03:00:00,24.882535491093225,1.419748126972336
2,2025-01-08 04:00:00,25.4669622237058,1.67426532806202
2,2025-01-08 05:00:00,25.839201871689845,1.84808213211214
2,2025-01-08 06:00:00,26.50670818699961,2.0668958566786824
2,2025-01-08 07:00:00,26.26686350573084,2.2634498596164456
2,2025-01-08 08:00:00,25.751434500698654,2.22730432830374
2,2025-01-08 09:00:00,25.12995372519525,2.144542754887215
2,2025-01-08 10:00:00,23.860144611681207,1.9361054407102285
2,2025-01-08 11:00:00,22.816028584997934,1.8597680858801342
2,2025-01-08 12:00:00,22.007934595843683,1.7716066149597656
2,2025-01-08 13:00:00,20.09968059299176,1.5464281721371607
2,2025-01-08 14:00:00,19.260006549630003,1.6290660994572776
2,2025-01-08 15:00:00,18.415778622637593,1.3851621892734653
2,2025-01-08 16:00:00,17.42591895878682,1.578653361222483
2,2025-01-08 17:00:00,16.951632354356427,1.3321652092387608
2,2025-01-08 18:00:00,16.83242582486681,1.463175549038374
2,2025-01-08 19:00:00,17.141830883005344,1.264307385717403
2,2025-01-08 20:00:00,17.54756293202845,0.8820122180719707
2,2025-01-08 21:00:00,18.1957509259836,0.8630685839284481
2,2025-01-08 22:00:00,19.71891202976542,0.7779185982544087
2,2025-01-08 23:00:00,20.4549132908323,0.7612992675636261
2,2025-01-09 00:00:00,22.11964706112697,0.9327573338266016
2,2025-01-09 01:00:00,23.64264211940263,1.1177721991675535
2,2025-01-09 02:00:00,25.092978241633713,1.3896040142240575
2,2025-01-09 03:00:00,25.887891415713018,1.7235290025547523
2,2025-01-09 04:00:00,26.68972447605962,2.0803898236052927
2,2025-01-09 05:00:00,26.9470353023842,2.0422998643679304
2,2025-01-09 06:00:00,27.215668407820914,2.542030296617055
2,2025-01-09 07:00:00,27.033785816585187,2.509540559721931
2,2025-01-09 08:00:00,27.105543042325195,2.5616690379115994
2,2025-01-09 09:00:00,25.81295509861902,2.496166571525256
2,2025-01-09 10:00:00,24.822490746967226,2.3593146543262993
2,2025-01-09 11:00:00,23.627576452724885,2.0160430628858235
2,2025-01-09 12:00:00,22.494134058084263,1.9994544788821231
2,2025-01-09 13:00:00,21.332032228538125,1.8516006481066116
2,2025-01-09 14:00:00,20.075347093060312,1.62839883184862
2,2025-01-09 15:00:00,19.328467436446132,1.5204540426561801
2,2025-01-09 16:00:00,17.972431616161504,1.5245872495089883
2,2025-01-09 17:00:00,17.776369899164116,1.4675525016215822
2,2025-01-09 18:00:00,17.70875022746441,1.3581574770147617
2,2025-01-09 19:00:00,17.49447364515561,1.3235912276571806
2,2025-01-09 20:00:00,18.377525080296582,1.0735000685291145
2,2025-01-09 21:00:00,18.982013316648715,1.0497405688276735
2,2025-01-09 22:00:00,20.115270292928706,0.9306876248933437
2,2025-01-09 23:00:00,21.109263878891735,0.8387795748887681
2,2025-01-10 00:00:00,22.46615306915095,1.1088429129043007
2,2025-01-10 01:00:00,23.67811721540922,1.2215052934799642
2,2025-01-10 02:00:00,24.888991099689797,1.5002840878873236
2,2025-01-10 03:00:00,25.721035887518482,1.7213017840950027
2,2025-01-10 04:00:00,26.618427690908845,2.277598797108128
2,2025-01-10 05:00:00,27.110270148274637,2.2850970226127063
2,2025-01-10 06:00:00,26.86605349512615,2.3817062231320594
2,2025-01-10 07:00:00,27.087218757344328,2.5431208731268025
2,2025-01-10 08:00:00,26.770224324695523,2.447860694631691
2,2025-01-10 09:00:00,25.89435091397415,2.3594020340057895
2,2025-01-10 10:00:00,24.439841500149647,2.1899674688101944
2,2025-01-10 11:00:00,23.671260903462414,2.065125140201368
2,2025-01-10 12:00:00,22.057870755172544,2.0088499752232707
2,2025-01-10 13:00:00,20.78822013967478,1.9717960057916868
2,2025-01-10 14:00:00,19.629722085202733,1.720694248311105
2,2025-01-10 15:00:00,18.765676632902593,1.5365428058959827
2,2025-01-10 16:00:00,17.779603930292055,1.4618891192934687
2,2025-01-10 17:00:00,16.9942982699087,1.5580148991491174
2,2025-01-10 18:00:00,17.21267378540242,1.345780155747129
2,2025-01-10 19:00:00,16.894978690194804,1.389003434231656
2,2025-01-10 20:00:00,17.51835013418675,0.9287978759159408
2,2025-01-10 21:00:00,18.321650993161835,1.0710388406839435
2,2025-01-10 22:00:00,19.393712273560148,0.779403749810905
2,2025-01-10 23:00:00,20.303013655375498,0.8323860612724778
3,2025-01-01 00:00:00,20.85201066645974,0.8830110074036948
3,2025-01-01 01:00:00,22.311808470371904,0.9899921845217841
3,2025-01-01 02:00:00,23.453890068542734,1.0766171101772173
3,2025-01-01 03:00:00,24.541758452837957,1.6034558793425817
3,2025-01-01 04:00:00,25.552753695744407,1.9240109509200471
3,2025-01-01 05:00:00,25.926567605823042,2.173753713244227
3,2025-01-01 06:00:00,26.339905649220377,2.3541918634231656
3,2025-01-01 07:00:00,26.100331791432836,2.286620803363338
3,2025-01-01 08:00:00,26.134364644445455,2.419604594518842
3,2025-01-01 09:00:00,24.864392889147965,2.3927762288294656
3,2025-01-01 10:00:00,23.882501263259385,2.3337550284761974
3,2025-01-01 11:00:00,22.80845440822245,2.1222142289307904
3,2025-01-01 12:00:00,21.844394925124007,1.9999919399963813
3,2025-01-01 13:00:00,20.490452211738255,1.8140314046266752
3,2025-01-01 14:00:00,18.994143797802025,1.887462215323576
3,2025-01-01 15:00:00,18.184543417796906,1.8367496466041946
3,2025-01-01 16:00:00,17.632528372355107,2.1996365731946055
3,2025-01-01 17:00:00,17.05955490879739,1.8086457427097753
3,2025-01-01 18:00:00,16.810197659578666,1.5987893764576524
3,2025-01-01 19:00:00,17.338040696378876,1.5494191592645359
3,2025-01-01 20:00:00,17.51416433893903,1.3485586296131762
3,2025-01-01 21:00:00,18.375969240858026,1.2945985067258305
3,2025-01-01 22:00:00,19.39385558386281,1.0796187088162608
3,2025-01-01 23:00:00,20.829051563395797,1.2449171800207455
3,2025-01-02 00:00:00,22.25800858084962,1.1248581789633645
3,2025-01-02 01:00:00,23.730433023396984,1.363632520377284
3,2025-01-02 02:00:00,24.860697807319454,1.7189527658091635
3,2025-01-02 03:00:00,26.179558451561824,1.8678767778462682
3,2025-01-02 04:00:00,26.952278474066862,2.4091631230946344
3,2025-01-02 05:00:00,26.95464666744396,2.524389931206949
3,2025-01-02 06:00:00,27.19746427026775,2.8120933355285858
3,2025-01-02 07:00:00,27.17687518720336,2.7676691155945314
3,2025-01-02 08:00:00,26.683082375850766,2.8904384701763184
3,2025-01-02 09:00:00,26.08663243616829,2.977847316955578
3,2025-01-02 10:00:00,24.681650555794324,2.576611408913588
3,2025-01-02 11:00:00,23.987199498020413,2.435459185975419
3,2025-01-02 12:00:00,22.365274035254043,2.31854027914357
3,2025-01-02 13:00:00,21.524820556699723,2.1919222776642227
3,2025-01-02 14:00:00,19.82680886423783,1.8636846432976029
3,2025-01-02 15:00:00,19.089905834244345,1.8380216551022777
3,2025-01-02 16:00:00,18.445047249788036,1.948410903486409
3,2025-01-02 17:00:00,17.78122123910789,1.7060757651562783
3,2025-01-02 18:00:00,17.686798441161013,1.6705470882598288
3,2025-01-02 19:00:00,18.095031627203287,1.5103048225580553
3,2025-01-02 20:00:00,18.15847936375234,1.5323424909044647
3,2025-01-02 21:00:00,18.7143451180199,1.2581002882375003
3,2025-01-02 22:00:00,20.10358461390954,1.1123066708412246
3,2025-01-02 23:00:00,21.518032234312827,1.0527293407299438
3,2025-01-03 00:00:00,22.64915903847231,1.3340024391912946
3,2025-01-03 01:00:00,23.5900707306415,1.4706256629947558
3,2025-01-03 02:00:00,25.2033934159428,1.5646486250388143
3,2025-01-03 03:00:00,26.057903816417383,1.8657329713005653
3,2025-01-03 04:00:00,26.574822944120452,2.3426660892020266
3,2025-01-03 05:00:00,27.049399463264272,2.6299177121266806
3,2025-01-03 06:00:00,26.899874530429134,2.5765930167328834
3,2025-01-03 07:00:00,26.99384937318263,2.8073494865422384
3,2025-01-03 08:00:00,26.646725947260574,2.7623492860251133
3,2025-01-03 09:00:00,25.65831841295322,2.7803701314040343
3,2025-01-03 10:00:00,25.006177544390354,2.5652844397132726
3,2025-01-03 11:00:00,23.348745289063054,2.3735268170763972
3,2025-01-03 12:00:00,21.923668293527097,2.156957990895446
3,2025-01-03 13:00:00,20.786309410693654,2.243895681728334
3,2025-01-03 14:00:00,19.62827568524391,1.7685801746735206
3,2025-01-03 15:00:00,18.589864807326258,1.855473901039762
3,2025-01-03 16:00:00,17.94384053543214,1.7295033268566857
3,2025-01-03 17:00:00,17.331968620818405,1.7458995816072493
3,2025-01-03 18:00:00,16.68823586569979,1.8747350217624632
3,2025-01-03 19:00:00,16.99851014395033,1.304391148771064
3,2025-01-03 20:00:00,17.41995834029766,1.2616425112417573
3,2025-01-03 21:00:00,18.213199408869926,0.9684069970594362
3,2025-01-03 22:00:00,19.20822866815124,0.9824631458847463
3,2025-01-03 23:00:00,20.144439830888544,1.0603652790188498
3,2025-01-04 00:00:00,21.6392016284974,0.9183181520704038
3,2025-01-04 01:00:00,23.061788693151865,1.2429343914457034
3,2025-01-04 02:00:00,23.839390200923983,1.3964103285516292
3,2025-01-04 03:00:00,25.04875063382121,1.7529835680785593
3,2025-01-04 04:00:00,25.45655916817192,2.010040762724159
3,2025-01-04 05:00:00,26.395926784257586,2.166079701472513
3,2025-01-04 06:00:00,26.25712203748713,2.307764149979276
3,2025-01-04 07:00:00,26.574763914260643,2.498016859837368
3,2025-01-04 08:00:00,25.561100714519792,2.293951496697388
3,2025-01-04 09:00:00,24.552062792344085,2.306581570540587
3,2025-01-04 10:00:00,23.931147555679605,1.9120274768616266
3,2025-01-04 11:00:00,22.61980542689266,1.825441417530158
3,2025-01-04 12:00:00,20.929637591709824,1.932095117848862
3,2025-01-04 13:00:00,19.667129285592626,1.8915607135208687
3,2025-01-04 14:00:00,18.493445420656833,1.6346350740808813
3,2025-01-04 15:00:00,17.473247651606865,1.6237385291988549
3,2025-01-04 16:00:00,16.588227731823007,1.731035375682448
3,2025-01-04 17:00:00,15.969953648671694,1.7065791928479246
3,2025-01-04 18:00:00,16.094598043671727,1.5876743996840652
3,2025-01-04 19:00:00,15.671837524342639,1.4987909981999417
3,2025-01-04 20:00:00,16.23179725380693,1.222599557266089
3,2025-01-04 21:00:00,17.067304155320496,0.9544238011319212
3,2025-01-04 22:00:00,18.071575476673722,0.762928956432184
3,2025-01-04 23:00:00,19.420491345546367,0.7539973231397917
3,2025-01-05 00:00:00,20.52745589113106,0.8597109966832445
3,2025-01-05 01:00:00,21.441588489463843,0.7261045069159693
3,2025-01-05 02:00:00,22.87974458365237,0.970188806427804
3,2025-01-05 03:00:00,23.40689419752898,1.1541955834935818
3,2025-01-05 04:00:00,24.386729600444184,1.4522238702187338
3,2025-01-05 05:00:00,24.74345883969347,1.580290493584683
3,2025-01-05 06:00:00,25.31222371697591,1.8936134128517732
3,2025-01-05 07:00:00,24.946730677246233,1.8803194084470163
3,2025-01-05 08:00:00,24.433290178548837,1.947076520866377
3,2025-01-05 09:00:00,23.21622820371705,1.8222038048134277
3,2025-01-05 10:00:00,22.58077054926332,1.6938915079679417
3,2025-01-05 11:00:00,21.21374700102297,1.7070005730182376
3,2025-01-05 12:00:00,19.616002707277733,1.6690327755029184
3,2025-01-05 13:00:00,18.810585397197965,1.5443466723949033
3,2025-01-05 14:00:00,17.09784251718273,1.4875731218903787
3,2025-01-05 15:00:00,16.11529230111865,1.680928694877585
3,2025-01-05 16:00:00,15.544529369226481,1.7484891606086441
3,2025-01-05 17:00:00,14.998691020175782,1.4016930835302674
3,2025-01-05 18:00:00,14.914330432913172,1.523310498676055
3,2025-01-05 19:00:00,14.830889150518189,1.3737681733299785
3,2025-01-05 20:00:00,15.03945577990431,1.297946031746735
3,2025-01-05 21:00:00,15.9496812758432,0.8740518469608966
3,2025-01-05 22:00:00,17.104861135107914,0.8209009775543048
3,2025-01-05 23:00:00,18.362212079784765,0.6315548258842832
3,2025-01-06 00:00:00,19.77780827813739,0.5922038261955062
3,2025-01-06 01:00:00,20.77635226965665,0.778598012126455
3,2025-01-06 02:00:00,21.96043441214843,0.8455593598314177
3,2025-01-06 03:00:00,23.152302393015745,1.1468059029836857
3,2025-01-06 04:00:00,23.700377325931658,1.2269883113779407
3,2025-01-06 05:00:00,24.459979977355182,1.314475451682802
3,2025-01-06 06:00:00,24.372323986094887,1.3666929618723738
3,2025-01-06 07:00:00,24.338057501557195,1.6862368577314586
3,2025-01-06 08:00:00,24.066399660615296,1.5779937774848054
3,2025-01-06 09:00:00,22.850428663355405,1.735952187808506
3,2025-01-06 10:00:00,22.099190632428552,1.6247849509576855
3,2025-01-06 11:00:00,20.73005641275049,1.5618938978780328
3,2025-01-06 12:00:00,19.250384140876065,1.521003572684093
3,2025-01-06 13:00:00,18.177879801673896,1.5117087092413357
3,2025-01-06 14:00:00,17.429566488864403,1.5644447020703673
3,2025-01-06 15:00:00,16.09551070582909,1.711155379664658
3,2025-01-06 16:00:00,15.108675725686249,1.731844948225105
3,2025-01-06 17:00:00,14.617920969363652,1.6191717226999618
3,2025-01-06 18:00:00,14.827409074421931,1.51887215673613
3,2025-01-06 19:00:00,15.211364382968362,1.24168190997418
3,2025-01-06 20:00:00,15.666895445667953,1.159969481281745
3,2025-01-06 21:00:00,16.286729185281473,0.8877867561014444
3,2025-01-06 22:00:00,16.95908717825626,0.8261047258757549
3,2025-01-06 23:00:00,18.382463445142527,0.6756533080228955
3,2025-01-07 00:00:00,19.63050882113427,0.7041281835742856
3,2025-01-07 01:00:00,20.93265248966719,0.726478028633053
3,2025-01-07 02:00:00,22.23508458496217,1.0044802145324705
3,2025-01-07 03:00:00,23.491233769901623,1.064425630838273
3,2025-01-07 04:00:00,24.146105363111367,1.437299437468434
3,2025-01-07 05:00:00,25.00746683911164,1.633691638733092
3,2025-01-07 06:00:00,25.36817136178382,1.7762331092074561
3,2025-01-07 07:00:00,25.100121215482712,1.953185141742559
3,2025-01-07 08:00:00,24.762887438061163,1.7930072158678345
3,2025-01-07 09:00:00,23.881016348686146,1.7956343216264883
3,2025-01-07 10:00:00,22.808577973801366,2.0059853029305685
3,2025-01-07 11:00:00,21.31495377653551,1.8187900719856356
3,2025-01-07 12:00:00,20.32339941063856,1.7746984616490686
3,2025-01-07 13:00:00,19.070874451996144,1.7414692013147282
3,2025-01-07 14:00:00,18.164353251123593,1.6761469337751582
3,2025-01-07 15:00:00,16.825822292182895,1.8092398076195895
3,2025-01-07 16:00:00,15.76034007439305,1.6085794249641467
3,2025-01-07 17:00:00,16.032040056125666,1.5591062543078102
3,2025-01-07 18:00:00,15.713640664013534,1.6630222976152078
3,2025-01-07 19:00:00,15.837316523527427,1.3667126066683033
3,2025-01-07 20:00:00,16.28806165743221,1.3388514628358916
3,2025-01-07 21:00:00,16.969902705726383,1.1252157536515763
3,2025-01-07 22:00:00,18.675297486910726,0.9908707565525838
3,2025-01-07 23:00:00,19.451949350547014,0.9002485157496741
3,2025-01-08 00:00:00,21.255107712691608,0.8157953572948735
3,2025-01-08 01:00:00,22.42329553629502,1.0248644575849488
3,2025-01-08 02:00:00,23.64119567655568,1.1795303487700057
3,2025-01-08 03:00:00,25.058195816314647,1.5440203459699342
3,2025-01-08 04:00:00,25.707800642493897,1.8839479994634944
3,2025-01-08 05:00:00,26.38304398676422,2.0562561579052128
3,2025-01-08 06:00:00,26.226044427353656,2.359648385011785
3,2025-01-08 07:00:00,26.434364596071024,2.5073724889270443
3,2025-01-08 08:00:00,25.788260860781758,2.545266699023316
3,2025-01-08 09:00:00,25.098934042373294,2.3795844013101535
3,2025-01-08 10:00:00,24.226501541877827,2.2476266301556547
3,2025-01-08 11:00:00,23.1328766441049,2.154264426825815
3,2025-01-08 12:00:00,21.63023607591331,2.085278709938112
3,2025-01-08 13:00:00,20.714104372168077,1.8588584600691755
3,2025-01-08 14:00:00,19.55559269747263,1.8534897889536486
3,2025-01-08 15:00:00,18.07016972910743,1.658849431554811
3,2025-01-08 16:00:00,17.687572804409736,1.7367438462158162
3,2025-01-08 17:00:00,17.086124141017255,1.5460742467683004
3,2025-01-08 18:00:00,16.75733521534319,1.6909532897019541
3,2025-01-08 19:00:00,16.9528719709339,1.4230988280432157
3,2025-01-08 20:00:00,17.906756657009733,1.0553082915314673
3,2025-01-08 21:00:00,18.290809745767156,1.2362571937957134
3,2025-01-08 22:00:00,20.022280900727587,0.9992658415463609
3,2025-01-08 23:00:00,21.09784305464982,0.9790383324192824
3,2025-01-09 00:00:00,21.941212685374932,1.373539987891154
3,2025-01-09 01:00:00,23.556349466489948,1.3582860528133687
3,2025-01-09 02:00:00,24.834312980093625,1.5509904867021445
3,2025-01-09 03:00:00,26.015149659651346,1.9619644435978176
3,2025-01-09 04:00:00,26.976785679404408,2.4670048356675816
3,2025-01-09 05:00:00,26.95355664761792,2.591989935330773
3,2025-01-09 06:00:00,27.358484276765218,2.7447618849958477
3,2025-01-09 07:00:00,27.52472557395499,2.7091160859856327
3,2025-01-09 08:00:00,26.827879626475987,2.891352897543669
3,2025-01-09 09:00:00,25.8155820797836,2.7356363568114053
3,2025-01-09 10:00:00,25.051204349325275,2.7585327779080955
3,2025-01-09 11:00:00,23.855578772716136,2.311956352629802
3,2025-01-09 12:00:00,22.558519869702756,2.2397272779153963
3,2025-01-09 13:00:00,21.08391014288023,2.1492463586149224
3,2025-01-09 14:00:00,20.075235563109036,1.7812515174482242
3,2025-01-09 15:00:00,19.20260265575953,1.874792063013408
3,2025-01-09 16:00:00,18.126272188399582,2.0065073771253337
3,2025-01-09 17:00:00,17.556232934849696,1.6953835356986973
3,2025-01-09 18:00:00,17.75055260253133,1.594315745371062
3,2025-01-09 19:00:00,17.57802435898307,1.4224417064483348
3,2025-01-09 20:00:00,18.41073716913895,1.5872638998183226
3,2025-01-09 21:00:00,19.109779160083743,1.1782047497047008
3,2025-01-09 22:00:00,19.86443091272817,1.1693172982095563
3,2025-01-09 23:00:00,21.480541173111416,1.1660522184164643
3,2025-01-10 00:00:00,22.192291552109793,1.359445626754406
3,2025-01-10 01:00:00,23.625374011868722,1.303660642170918
3,2025-01-10 02:00:00,25.018852340705433,1.688846784339191
3,2025-01-10 03:00:00,25.675959517954016,1.9617529589584064
3,2025-01-10 04:00:00,26.609461117033995,2.3540185451069813
3,2025-01-10 05:00:00,27.235027544010844,2.4222526152211037
3,2025-01-10 06:00:00,27.13553598263753,2.6668281509513716
3,2025-01-10 07:00:00,27.03140937137144,2.6202174808845538
3,2025-01-10 08:00:00,26.87167680589711,2.8447840556800617
3,2025-01-10 09:00:00,25.27494278806956,2.4537077242474696
3,2025-01-10 10:00:00,24.63400458119288,2.574282277475364
3,2025-01-10 11:00:00,23.74155009639461,2.400988142275039
3,2025-01-10 12:00:00,21.878057813431568,2.1618875154051085
3,2025-01-10 13:00:00,20.899508536474354,2.226090813202823
3,2025-01-10 14:00:00,19.43632070865689,2.08315726729659
3,2025-01-10 15:00:00,18.312156721027094,1.8452764129266117
3,2025-01-10 16:00:00,17.71016065398408,1.6870062546953948
3,2025-01-10 17:00:00,17.386839367402718,1.8674510797926593
3,2025-01-10 18:00:00,16.71920818868827,1.556033450672704
3,2025-01-10 19:00:00,16.746624353684687,1.465189785785424
3,2025-01-10 20:00:00,17.785750828351315,1.328184547354485
3,2025-01-10 21:00:00,18.296474575118484,1.0604083817410472
3,2025-01-10 22:00:00,18.88958767788771,1.1452070010301219
3,2025-01-10 23:00:00,20.452437707917138,1.0164767195777862
